,Seguidor
0,tkersey
1,njonsson
2,bangpound
3,koconder
4,mlsj1
5,syug
6,neopunisher
7,jazzwang
8,fly51fly
9,fallenpegasus
10,fribeiro1
11,chchrist
12,ScottJWalter
13,mindcrime
14,MarceloNascimento
15,dmsbilas
16,thimslugga
17,leecardona
18,semsphy
19,srp19
20,DaemonCahill
21,Cambera
22,riyadparvez
23,mitaka
24,ZhangYunfang
25,temosy
26,manuelhunziker
27,pedro-lima
28,alexharvey
29,josh-fisher
30,nerandell
31,raghuboosetty
32,tdmalone
33,34code
34,burib
35,whn09
36,bobbyearl
37,ahlfors
38,bsrz
39,mailmahee
40,daefresh
41,dofstar
42,codee
43,EdZava
44,kistasi
45,glaucodiogo
46,manjunathd
47,afonsoalban
48,rsaa
49,hvn0413
50,duxing2007
51,ste93cry
52,terran1942
53,itanoss
54,thesobercoder
55,rickymaciel
56,KevinGimbel
57,zsp0817
58,voldyman
59,alexjennings
60,somaditya
61,apjowen
62,dengqixing
63,Davi-He
64,godsoul
65,parkjh
66,kumar-nitish
67,andyuls
68,juanjoruiz2109
69,mangualero
70,universewrld
71,HJiefeng
72,kkpan11
73,plumcube
74,magigo
75,AAbasinejad
76,virtuoushub
77,huamichaelchen
78,mumblepins
79,bretdarby
80,srinitude
81,the-watchmaker
82,codinggooner
83,kimpenguin
84,weisberg
85,ace-coder
86,tusharsoni08
87,hoansgithub
88,schallerala
89,garciparedes
90,keshabb
91,s0nlxaftrsh0ck
92,mklemann-com
93,roykalony
94,thomasdalbert
95,edisona
96,Steven-Acomb
97,jodavaho
98,side9show
99,teeksingh
100,kevingrondin
101,unlitdev
102,well1791
103,ykaidashov
104,anand-b
105,xGreat
106,tolgabuyuktanir
107,rodazuero
108,Asoka11111
109,Wyvernslay3r
110,gabrlyg
111,paulosiciliano
112,rdczhby
113,mys328
114,andrey-berenda
115,sinhang
116,Lakshmiaddepalli
117,rawer886
118,thanhcsf
119,junaid109
120,Ylmzef
121,anlexN
122,fwblcz
123,djinl520
124,protyay
125,selfishprimate
126,GregAllenSmith
127,zgover
128,avestura
129,pqrsooo
130,evanshrestha
131,bos-hieu
132,sonimonish00
133,ljesparis
134,imvikramn
135,massivelivefun
136,garrettrh
137,ghishadow
138,shower1986
139,mseld
140,JasonYe88
141,seshurajup
142,xiaopizi19
143,pelamlio
144,Asavarkhul
145,custadian
146,KlwntSingh
147,FelixFeliciant
148,learnerzhang
149,gamedebug
150,jonathanarodr
151,osama-ahmed
152,nir-zilberman
153,bigDP
154,WajahatSiddiqui
155,markjohnlucas
156,Vaibhav
157,manavchoudhary
158,nikolaospapachristou
159,vslala
160,Ngel-Castro
161,dawei-wang
162,yxblee
163,barisates
164,justinsamuel92
165,dotsnangles
166,609151318
167,RyanAugust
168,noid11
169,AruulmozhivarmanS
170,Tusharjagi
171,ivaylo-yordanov
172,emullaraj
173,mcguegi
174,fischerleon
175,UmutSERIFLER
176,zhu0823
177,Joe192168
178,Sejoslaw
179,LindaHaviv
180,ball582
181,dmitrykrisko
182,we1l1n
183,dongzhuoyao
184,xuelangqingkong
185,godobyte
186,chanffdavid
187,anomaly-88
188,aymenbelarbi
189,ashish936
190,guilhermebc
191,SMBgurus
192,mate-h
193,artur-sak13
194,yorshreynoso
195,yehuizhang
196,AAdewunmi
197,charaton
198,jaymahfudy
199,maxsxu
200,keita-hino
201,Anirudh257
202,joaoantoniomartinsfilho
203,anirudhbagri
204,STCYC
205,rsmelo92
206,StrangerCoug
207,keren123
208,noodanee
209,alobe
210,JadeCong
211,graceko22
212,erenaslandev
213,serhiiklenachov
214,camerondurham
215,khanhhuy288
216,gstair
217,ifbowen
218,hotsticker
219,ningfc
220,RishabhKr97
221,jiangoz
222,Murplugg
223,tanvirstreame
224,kworkbee
225,arnab-ray
226,StarDustTwinkle
227,SMSesay
228,anuj97
229,yaelBrown
230,motmaytinh
231,aravinthakannan
232,lingjiekong
233,janviyao
234,hijiki51
235,mksarge
236,pradeepkni382
237,rdnasim
238,shrinidhibarthur
239,StrangeKnowledgeIncresed
240,Austin47
241,franklin-monreal
242,xxh031203
243,fengbeibei
244,feapaydin
245,loumalouomega
246,garyhtou
247,d3v2null
248,jrjm1111
249,mitutitu16
250,akashsathyan
251,chrisskhoury
252,jeremychauvet
253,Logicus03
254,chinchillajared
255,isabelchaves
256,flukelaster
257,rjuer
258,mussieh
259,lintsai
260,nj1787
261,Joebig7
262,hanwgyu
263,wudangqibujie
264,DihanDai
265,drewfrost
266,contimatteo
267,AmaanKulshreshtha
268,petronem
269,my1795
270,Pzoom522
271,hahacyd
272,lynmison
273,RickyC0626
274,Ming0217
275,caesar-one
276,Ishanna
277,ShwetaShivangi
278,amwi04
279,pd14196
280,tychodev321
281,Baleryom
282,caitinc
283,almokhtarbr
284,andreacip
285,alexanderafanasov
286,thapaashis110
287,soccernut
288,mdobro1
289,saneknight
290,janmarkuslanger
291,morinyan
292,adileone
293,mapjx
294,fuhaoma
295,kekemao00
296,lamsd
297,igorasantos
298,metaphor0
299,iashutoshtiwari
300,yaravi
301,skippermin
302,masakiasami
303,huannvttd98
304,thatbeautifuldream
305,GongAo04
306,happyqq
307,iameduardod
308,wuchunfu
309,venkate5hgunda
310,ronnielutaro
311,Samutichev
312,jongan69
313,tkruer
314,kayericson
315,LuGO0
316,cultivate5253
317,akazyti
318,boomer2752
319,Luccasoli
320,abheesht17
321,HebaElGalad
322,himanshututeja1998
323,sevenhqj
324,CWHer
325,Pei1133
326,pasenchenko
327,jinjidong
328,eemailme
329,Nikronic
330,Razdeep
331,rafael-ubl
332,skywalkersPadawan
333,patrick22414
334,Jiahuan-Pei
335,preciouschydo
336,johngunerli
337,akashmdkml
338,Menotron
339,smustafa75
340,nanaboat1
341,Karim-53
342,EthanC-8
343,nitinnbisht
344,5l1v3r1
345,Yulv-git
346,MilleniumSpark
347,sagsango
348,Programador89
349,JasonMoon95
350,jackpan123
351,SaiHemanthBR
352,TsukasaSeto
353,PallaviVarandani
354,alvinlal
355,awabasher
356,Katsukiniwa
357,sigsant
358,celikgokhun
359,shiva0612
360,kyamashiro
361,davnunes
362,afondiel
363,johnnyrtrentin
364,stnorbi
365,stacyrymer86
366,zero-null
367,jh9875
368,GITWHB
369,ricardosuman
370,mencarellic
371,rabbithophop
372,ftf1218
373,hirawatt
374,adilet-saken
375,Thejuskbenny
376,nanaxumu
377,GabrielFerrante
378,tinahuang222
379,Bhavuk-Garg
380,FreshCappuccino
381,anishamalde
382,TeddyCom1
383,prabhumns
384,HyunjunA
385,iamharvey
386,inframarauder
387,YjqZhouxiao
388,LuoTailong
389,sovansambath-phann
390,rkej
391,jinshuye
392,ibn-khafagah
393,kartikeytewari
394,MD-ARFIN
395,johan-lab
396,bzamith
397,deviknitkkr
398,Abirul
399,hartl3y94
400,saarthdeshpande
401,leechenze
402,Dexterzprotege
403,sandrawilczynski
404,Debarshi95
405,GowthamSk1
406,PolyVoid
407,middas-0706
408,WendyYanto
409,batuhan-basoglu
410,Sangameshkodge
411,yotamnahum
412,huiminlim
413,sumukhteja
414,valtab
415,theroyakash
416,sadoreko
417,billsenxu
418,MarcoSantonastasi
419,kevin909cty
420,amadsalmon
421,infinitepower18
422,ashr4f1arr2ad
423,rgdyy
424,shayanekat
425,KlinKlinKlin
426,ishu-thakur
427,brijeshbhalodiya
428,zaaakher
429,XRLZX8
430,soumyadbanik
431,zhnzhang
432,xjhofernandes
433,gauravagrwal
434,juanca-jimi
435,JohnDNC
436,ImKunYoung
437,EduardHov
438,risejl
439,johnmccants002
440,samedsemihs
441,aymandarwish
442,HongLouyemeng
443,kohring
444,okonri
445,cnhuz
446,liltommy1dev
447,Wwillers
448,owini
449,amirmojarad
450,RichardZj
451,codemikko
452,MarcoSteinke
453,acox216
454,smy1999
455,anujchoudhary-17
456,mazrean
457,XrosLiang
458,994Simone
459,Mystic-77
460,bruno-aires
461,Jirigesi
462,imokhtar
463,ArthurAnastopulos
464,guilefoylegaurav
465,denmj
466,frankxzAmazon
467,ericwidjaja
468,mirfanaslam
469,nayeonshin
470,xiaozhiob
471,u-yas
472,smelouah
473,dmascheck
474,Abhirajnow
475,sanjuchandra
476,cccaimingjian
477,lucasamonrc
478,anurag01a
479,masrafi115
480,sm-heard
481,agastaldellomaccomit
482,steffiypx
483,AdnanAaddi
484,MaxDeveloper16
485,tenpa007
486,gtrman97
487,MuffinAmor
488,rushilenekar20
489,soma2000-lang
490,Git-Codder
491,goillotc
492,2019-GitHub-Chu
493,chinkin707
494,adithya1010
495,anubhvshrma18
496,Aditya-Khemka
497,alikemalozgumus
498,Codesmaster-lab
499,gwd666
500,Supriyo8799
501,Dajun-2019
502,renatompf
503,Symon629
504,prad-j
505,huiyouyou
506,huai-jie
507,chrichri17
508,GessioMori
509,TylerMamrot
510,danmslamt
511,1MuhammadFarhanAslam
512,najmehn00
513,TatsuyaNakagoshi
514,NonymousMorlock
515,akinfelami
516,avstreamdevpro
517,mijung-in-11st
518,simonjgr
519,MLHaddon
520,Capital-SetMawHtay
521,jcork4real
522,aditya-repos
523,spencerlepine
524,calbergs
525,yusuke-z
526,SAKILsCode
527,jimmysmits
528,JohnDoll2023
529,ssantoshp
530,mmhamdy
531,solfonte
532,HeroIPmonkey
533,Matt-Bulk
534,xiao-cy
535,thefaheemkhan
536,avishekchy45
537,Derokkk
538,Shahna-C
539,DankBoi293
540,grahamwaters
541,jaymepsantos
542,mohamedhabibwork
543,Thilak-KN
544,katopiler
545,AesisGit
546,OBud75
547,yosefkiros
548,bcovies
549,FurkanEdizkan
550,celso-na-teixeira
551,nilesh05apr
552,EM51641
553,seanpm2001
554,dylanhood
555,JohnPPinto
556,Ryu613
557,oss-mad
558,AHANCIT
559,sebaminaya0
560,d-t-n
561,rbuchmann77
562,SeifEldinMohamed
563,JoseRicardoPE
564,PhumyJS
565,yuyingjun0922
566,SHakhzodTojiyev
567,klkuocx
568,Gopalakrishnang99
569,yagikota
570,rdbender
571,uivid64
572,deevanshu-k
573,linquint
574,AFLabsLLC
575,nguyen-duy-tan
576,KennyOliver
577,ronnieangeles
578,mahmud0v
579,carnate-tech
580,Ghost1386
581,istellaliu
582,polygonnedpotato
583,MadushanNimantha
584,Choikyudong
585,Harshi-itaSinha
586,anthowest
587,emiltervo
588,Infisrael
589,MateSousa
590,erfuun
591,madcitymultimedia
592,arunavabasu-03
593,JonathanCristovao
594,ugke
595,uk-2
596,aadarsh-af
597,karthikmurakonda
598,Jennyhe11
599,littlelionly
600,vidda5
601,AndreiMariciuc
602,michelececcacci
603,nabeelnoor
604,sherlcok314159
605,mist1024
606,elerner42
607,vedantraval2310
608,juliana-silva-hub
609,sudongyuer
610,Westsi
611,AnmolVerma404
612,JoseLopezSolis
613,Ashish0898
614,zamoosh
615,anadeem2
616,natdosan
617,digitaljerrygit
618,cx63cc
619,David7ce
620,chococandy63
621,TruongNhanNguyen
622,TheFrontlineGen
623,weiliw-amz
624,lllllllllliiiilllliiliiiilllli
625,Aronib
626,FukazawaKazushi
627,TheTrueKen
628,adityadatta00
629,sbdeveloper90
630,shirushi-dev
631,Samruddhi362
632,clearljn
633,kuntsarpyalcin
634,pritamkpratihari
635,HenryDV
636,federicoreppucci-deliveroo
637,buiquangthanhcode
638,MJ-Tech-H
639,KendallDoesCoding
640,Shrey-Srivastava21
641,harshglory129
642,niravpi
643,Itisjigar
644,adnene-guessoum
645,Yajie-Zhang
646,huseyingirgin-eva
647,bubblez79
648,script-lab
649,Ahmedhamza1232001
650,Sporky073189ImSpecial
651,ishika1501
652,mdzaberalhamid
653,MuziZwane
654,batz-gg
655,jmoore78
656,Sai-teja-rachamalla
657,ekaterina4952
658,KalvenDebig
659,kumartul
660,YoliswaD
661,wanjanhasan
662,NickMezacapa
663,FedeBayer
664,Saintpreston
665,danielaiyuan
666,tkm9602
667,Tahsin411934
668,Samruddhiiii
669,nishantb06
670,Louuuaiii
671,FelipeFama
672,josephmartinmoran
673,sssamm1
674,techprogo
675,SarfarajRahmn
676,Aniketchaudhary16
677,JeromeXapix
678,ClaudiaA18
679,ferhatkatar
680,Manbendra2014
681,Saleheddin
682,henry-vipnet360
683,Kishank111
684,thrashghost
685,prejin2310
686,ethangutknecht
687,mb4m1
688,Lucas1114
689,puppsupr
690,naji0329
691,apella1
692,0laday0
693,pannacottaaaa
694,mars-aria
695,ygill
696,isaacbrendel
697,Avidlearner001
698,zagui-master
699,Ganesh972
700,marupon3910
701,Fuko-Ibuki
702,supbrice
703,BrunoGr0883
704,tomgangwang
705,emmyoh
706,leonardonakagawa
707,chkp-bryans
708,agurinv
709,sghost13
710,SpikyWU7
711,shashank-mishra14
712,Naveen2334
713,Angie-Zhang
714,Pranjal360Agarwal
715,Vladdstian
716,satayuji
717,HJPandey
718,gremsyQuanLe
719,RnukaPrasad
720,Kenaaaaaa
721,koray-aydin
722,louisphihaihoang
723,YasinAshorian
724,Imgautx07
725,RahulDubey391
726,SnKToR
727,Rupesh510
728,akshit2257
729,pppppyamaP
730,Rajesh562020
731,Trik01
732,hemsridh
733,arshad08122000
734,lowep
735,Zliced13
736,dhineshprabakaran
737,qdclub
738,asimpson0000
739,dmytrochumakov
740,thatme12
741,The-code-is-secret
742,jeremyw-dobeu
743,christine-sandbox
744,maxrathmann
745,AaronSMathew
746,MirboboyevJasurjan
747,nadprime
748,aka5050
749,tori-ham
750,boscotba
751,jasondataguy
752,julianomolinari
753,Ponthezs
754,bourbakiN97
755,Myceliose
756,mil2tech
757,ad0niram
758,chrisgomad
759,Julioalvestv
760,seespike
761,crr-bbai
762,andedavd
763,WLHQ
764,aibolu
765,MaxBryne
766,VGA777
767,Frisek
768,shanenichols-channeladvisor
769,mircoisendu
770,romans1234
771,silviana-hs
772,risingcurve
773,rigvedp97
774,jcf170030
775,ThomasCode92
776,rsenthur
777,ryan-w-roche
778,montyma-amazon
779,BryantVencil
780,Vasco-Arts
781,Harxxa25
782,glorivaldocardoso
783,modabossymaxk
784,otis-ke
785,naveenmishra14
786,pushkarcode
787,Calum09
788,Itzkuldeep444
789,gsoni1
790,Qianru69
791,mrlizhaozhi
792,IKashCode
793,Anmol5519
794,RomDev7
795,doski22
796,allaboutevemirolive
797,hongbo-wei
798,mdhumairraza
799,Laindrion
800,kdelcampo13
801,Hoppeful
802,vaddikeshavareddy
803,MahdiCodee
804,DonzerHD
805,darenj456
806,coder-nian
807,shubmanh
808,VasanthamHimaanshu
809,Armkas
810,mgtian03
811,rajwadejii
812,carlosgomezi
813,RaviYadav02
814,Su-Tcode
815,gitteedara
816,iam-back
817,Ananya2311
818,winfredbo
819,Xie-h-bin123
820,Salvapazzo86
821,tiennv1997
822,Shashank1407
823,ali-fraz
824,Ig0rFA
825,wshanleee
826,Arun-gox
827,amitsingh2022
828,java-oss
829,misaelsp
830,ShubhAgarwal0704
831,JaafarLezzaik
832,Renpeng01
833,shanechioa
834,MarcelloCordal
835,sivalaxman07
836,raphaelguardiano
837,choiruddine
838,Nithin-singiri
839,adiibnuajat
840,yanwei257
841,gvxkzy
842,sergiojfsunior
843,firefitdesgns
844,mgrundwuermer
845,Philipabao
846,Parv-cell
847,Olaffson
848,karthik121222
849,timboslice832
850,gilleswb
851,aostar168
852,tinajiang26
853,martinOofay2023
854,josielabreu
855,ColdCodedotso
856,19raulruiz68
857,imishangrover
858,wiscdn
859,sks972
860,omarhabd
861,Kayra-Baran
862,purushoth2603
863,ywangire
864,chende1121
865,TF-185
866,VidhiS07
867,JCOOPER5646
868,Luhle-B
869,SangaoWe
870,aws-apradana
871,lanjua5899
872,AnnaleaLayton
873,notjustjoshin
874,amenihong
875,WIN1NG22
